frequency,sensitivity
1,-171.9
2,-161.8
3,-158.6
4,-155.4
5,-152.2
6,-151.54
7,-150.88
8,-150.22
9,-149.56
10,-148.9
11,-148.78
12,-148.66
13,-148.54
14,-148.42
15,-148.3
16,-148.18
17,-148.06
18,-147.94
19,-147.82
20,-147.7
21,-147.686666666667
22,-147.673333333333
23,-147.66
24,-147.646666666667
25,-147.633333333333
26,-147.62
27,-147.606666666667
28,-147.593333333333
29,-147.58
30,-147.566666666667
31,-147.553333333333
32,-147.54
33,-147.526666666667
34,-147.513333333333
35,-147.5
36,-147.486666666667
37,-147.473333333333
38,-147.46
39,-147.446666666667
40,-147.433333333333
41,-147.42
42,-147.406666666667
43,-147.393333333333
44,-147.38
45,-147.366666666667
46,-147.353333333333
47,-147.34
48,-147.326666666667
49,-147.313333333333
50,-147.3
51,-147.294
52,-147.288
53,-147.282
54,-147.276
55,-147.27
56,-147.264
57,-147.258
58,-147.252
59,-147.246
60,-147.24
61,-147.234
62,-147.228
63,-147.222
64,-147.216
65,-147.21
66,-147.204
67,-147.198
68,-147.192
69,-147.186
70,-147.18
71,-147.174
72,-147.168
73,-147.162
74,-147.156
75,-147.15
76,-147.144
77,-147.138
78,-147.132
79,-147.126
80,-147.12
81,-147.114
82,-147.108
83,-147.102
84,-147.096
85,-147.09
86,-147.084
87,-147.078
88,-147.072
89,-147.066
90,-147.06
91,-147.054
92,-147.048
93,-147.042
94,-147.036
95,-147.03
96,-147.024
97,-147.018
98,-147.012
99,-147.006
100,-147
101,-146.995
102,-146.99
103,-146.985
104,-146.98
105,-146.975
106,-146.97
107,-146.965
108,-146.96
109,-146.955
110,-146.95
111,-146.945
112,-146.94
113,-146.935
114,-146.93
115,-146.925
116,-146.92
117,-146.915
118,-146.91
119,-146.905
120,-146.9
121,-146.895
122,-146.89
123,-146.885
124,-146.88
125,-146.875
126,-146.87
127,-146.865
128,-146.86
129,-146.855
130,-146.85
131,-146.845
132,-146.84
133,-146.835
134,-146.83
135,-146.825
136,-146.82
137,-146.815
138,-146.81
139,-146.805
140,-146.8
141,-146.795
142,-146.79
143,-146.785
144,-146.78
145,-146.775
146,-146.77
147,-146.765
148,-146.76
149,-146.755
150,-146.75
151,-146.745
152,-146.74
153,-146.735
154,-146.73
155,-146.725
156,-146.72
157,-146.715
158,-146.71
159,-146.705
160,-146.7
161,-146.695
162,-146.69
163,-146.685
164,-146.68
165,-146.675
166,-146.67
167,-146.665
168,-146.66
169,-146.655
170,-146.65
171,-146.645
172,-146.64
173,-146.635
174,-146.63
175,-146.625
176,-146.62
177,-146.615
178,-146.61
179,-146.605
180,-146.6
181,-146.595
182,-146.59
183,-146.585
184,-146.58
185,-146.575
186,-146.57
187,-146.565
188,-146.56
189,-146.555
190,-146.55
191,-146.545
192,-146.54
193,-146.535
194,-146.53
195,-146.525
196,-146.52
197,-146.515
198,-146.51
199,-146.505
200,-146.5
201,-146.492333333333
202,-146.484666666667
203,-146.477
204,-146.469333333333
205,-146.461666666667
206,-146.454
207,-146.446333333333
208,-146.438666666667
209,-146.431
210,-146.423333333333
211,-146.415666666667
212,-146.408
213,-146.400333333333
214,-146.392666666667
215,-146.385
216,-146.377333333333
217,-146.369666666667
218,-146.362
219,-146.354333333333
220,-146.346666666667
221,-146.339
222,-146.331333333333
223,-146.323666666667
224,-146.316
225,-146.308333333333
226,-146.300666666667
227,-146.293
228,-146.285333333333
229,-146.277666666667
230,-146.27
231,-146.262333333333
232,-146.254666666667
233,-146.247
234,-146.239333333333
235,-146.231666666667
236,-146.224
237,-146.216333333333
238,-146.208666666667
239,-146.201
240,-146.193333333333
241,-146.185666666667
242,-146.178
243,-146.170333333333
244,-146.162666666667
245,-146.155
246,-146.147333333333
247,-146.139666666667
248,-146.132
249,-146.124333333333
250,-146.116666666667
251,-146.109
252,-146.101333333333
253,-146.093666666667
254,-146.086
255,-146.078333333333
256,-146.070666666667
257,-146.063
258,-146.055333333333
259,-146.047666666667
260,-146.04
261,-146.032333333333
262,-146.024666666667
263,-146.017
264,-146.009333333333
265,-146.001666666667
266,-145.994
267,-145.986333333333
268,-145.978666666667
269,-145.971
270,-145.963333333333
271,-145.955666666667
272,-145.948
273,-145.940333333333
274,-145.932666666667
275,-145.925
276,-145.917333333333
277,-145.909666666667
278,-145.902
279,-145.894333333333
280,-145.886666666667
281,-145.879
282,-145.871333333333
283,-145.863666666667
284,-145.856
285,-145.848333333333
286,-145.840666666667
287,-145.833
288,-145.825333333333
289,-145.817666666667
290,-145.81
291,-145.802333333333
292,-145.794666666667
293,-145.787
294,-145.779333333333
295,-145.771666666667
296,-145.764
297,-145.756333333333
298,-145.748666666667
299,-145.741
300,-145.733333333333
301,-145.725666666667
302,-145.718
303,-145.710333333333
304,-145.702666666667
305,-145.695
306,-145.687333333333
307,-145.679666666667
308,-145.672
309,-145.664333333333
310,-145.656666666667
311,-145.649
312,-145.641333333333
313,-145.633666666667
314,-145.626
315,-145.618333333333
316,-145.610666666667
317,-145.603
318,-145.595333333333
319,-145.587666666667
320,-145.58
321,-145.572333333333
322,-145.564666666667
323,-145.557
324,-145.549333333333
325,-145.541666666667
326,-145.534
327,-145.526333333333
328,-145.518666666667
329,-145.511
330,-145.503333333333
331,-145.495666666667
332,-145.488
333,-145.480333333333
334,-145.472666666667
335,-145.465
336,-145.457333333333
337,-145.449666666667
338,-145.442
339,-145.434333333333
340,-145.426666666667
341,-145.419
342,-145.411333333333
343,-145.403666666667
344,-145.396
345,-145.388333333333
346,-145.380666666667
347,-145.373
348,-145.365333333333
349,-145.357666666667
350,-145.35
351,-145.342333333333
352,-145.334666666667
353,-145.327
354,-145.319333333333
355,-145.311666666667
356,-145.304
357,-145.296333333333
358,-145.288666666667
359,-145.281
360,-145.273333333333
361,-145.265666666667
362,-145.258
363,-145.250333333333
364,-145.242666666667
365,-145.235
366,-145.227333333333
367,-145.219666666667
368,-145.212
369,-145.204333333333
370,-145.196666666667
371,-145.189
372,-145.181333333333
373,-145.173666666667
374,-145.166
375,-145.158333333333
376,-145.150666666667
377,-145.143
378,-145.135333333333
379,-145.127666666667
380,-145.12
381,-145.112333333333
382,-145.104666666667
383,-145.097
384,-145.089333333333
385,-145.081666666667
386,-145.074
387,-145.066333333333
388,-145.058666666667
389,-145.051
390,-145.043333333333
391,-145.035666666667
392,-145.028
393,-145.020333333333
394,-145.012666666667
395,-145.005
396,-144.997333333333
397,-144.989666666667
398,-144.982
399,-144.974333333333
400,-144.966666666667
401,-144.959
402,-144.951333333333
403,-144.943666666667
404,-144.936
405,-144.928333333333
406,-144.920666666667
407,-144.913
408,-144.905333333333
409,-144.897666666667
410,-144.89
411,-144.882333333333
412,-144.874666666667
413,-144.867
414,-144.859333333333
415,-144.851666666667
416,-144.844
417,-144.836333333333
418,-144.828666666667
419,-144.821
420,-144.813333333333
421,-144.805666666667
422,-144.798
423,-144.790333333333
424,-144.782666666667
425,-144.775
426,-144.767333333333
427,-144.759666666667
428,-144.752
429,-144.744333333333
430,-144.736666666667
431,-144.729
432,-144.721333333333
433,-144.713666666667
434,-144.706
435.010760630697,-144.698250835165
436.013564000399,-144.690562675997
437.018679070613,-144.682856793792
438.02611117036,-144.675133147694
439.035865640944,-144.667391696753
440.047947835984,-144.659632399924
441.062363121437,-144.651855216069
442.079116875633,-144.644060103953
443.098214489299,-144.636247022249
444.119661365589,-144.62841592953
445.143462920113,-144.620566784279
446.169624580964,-144.612699544879
447.198151788751,-144.60481416962
448.22904999662,-144.596910616693
449.262324670293,-144.588988844194
450.297981288089,-144.581048810125
451.336025340956,-144.573090472386
452.3764623325,-144.565113788784
453.419297779014,-144.557118717028
454.464537209509,-144.549105214727
455.512186165739,-144.541073239396
456.562250202235,-144.53302274845
457.614734886333,-144.524953699205
458.669645798201,-144.51686604888
459.726988530872,-144.508759754597
460.786768690272,-144.500634773375
461.848991895249,-144.492491062136
462.913663777605,-144.484328577705
463.980789982125,-144.476147276804
465.050376166606,-144.467947116056
466.122428001887,-144.459728051986
467.19695117188,-144.451490041016
468.2739513736,-144.443233039469
469.353434317195,-144.434957003568
470.435405725976,-144.426661889434
471.519871336448,-144.418347653087
472.606836898339,-144.410014250446
473.696308174633,-144.401661637328
474.788290941597,-144.393289769448
475.882790988817,-144.384898602419
476.979814119221,-144.376488091753
478.079366149119,-144.368058192857
479.181452908223,-144.359608861037
480.286080239691,-144.351140051496
481.393254000145,-144.342651719332
482.50298005971,-144.334143819542
483.615264302044,-144.325616307018
484.730112624366,-144.317069136547
485.847530937492,-144.308502262813
486.967525165863,-144.299915640395
488.090101247576,-144.291309223769
489.215265134418,-144.282682967303
490.343022791895,-144.274036825262
491.473380199268,-144.265370751806
492.606343349577,-144.256684700987
493.741918249681,-144.247978626752
494.880110920286,-144.239252482944
496.020927395974,-144.230506223298
497.164373725243,-144.22173980144
498.310455970529,-144.212953170893
499.459180208248,-144.20414628507
500.610552528821,-144.195359800781
501.764579036708,-144.186589199321
502.921265850445,-144.177798379537
504.080619102669,-144.16898729482
505.242644940156,-144.160155898455
506.407349523851,-144.151304143619
507.574739028901,-144.14243198338
508.744819644691,-144.1335393707
509.91759757487,-144.124626258431
511.093079037391,-144.115692599316
512.271270264539,-144.106738345989
513.452177502967,-144.097763450977
514.635807013727,-144.088767866696
515.822165072305,-144.07975154545
517.011257968655,-144.070714439438
518.203092007227,-144.061656500745
519.397673507008,-144.052577681347
520.595008801548,-144.043477933108
521.795104239002,-144.034357207784
522.997966182156,-144.025215457016
524.203601008463,-144.016052632336
525.41201511008,-144.006868685163
526.623214893897,-143.997663566806
527.837206781576,-143.98843722846
529.053997209582,-143.979189621207
530.273592629214,-143.969920696018
531.495999506648,-143.960630403749
532.721224322962,-143.951318695145
533.949273574177,-143.941985520836
535.180153771287,-143.932630831338
536.413871440296,-143.923254577054
537.650433122254,-143.913856708271
538.889845373287,-143.904437175163
540.132114764635,-143.894995927789
541.377247882687,-143.885532916092
542.625251329014,-143.8760480899
543.876131720408,-143.866541398925
545.12989568891,-143.857012792764
546.386549881854,-143.847462220898
547.646100961894,-143.83788963269
548.908555607044,-143.828294977386
550.173920510715,-143.818678204119
551.442202381743,-143.809039261899
552.713407944435,-143.799378099622
553.987543938594,-143.789694666067
555.264617119563,-143.779988909891
556.544634258258,-143.770260779637
557.8276021412,-143.760510223727
559.11352757056,-143.750737190464
560.402417364184,-143.740941628032
561.69427835564,-143.731123484497
562.989117394243,-143.721282707804
564.286941345103,-143.711419245777
565.587757089154,-143.701533046122
566.891571523189,-143.691624056424
568.198391559905,-143.681692224145
569.50822412793,-143.671737496628
570.821076171867,-143.661759821094
572.136954652326,-143.651759144642
573.455866545964,-143.641735414251
574.777818845521,-143.631688576774
576.102818559856,-143.621618578945
577.430872713986,-143.611525367374
578.76198834912,-143.601408888547
580.096172522704,-143.591269088827
581.433432308447,-143.581105914456
582.773774796368,-143.570919311548
584.11720709283,-143.560709226094
585.463736320577,-143.550475603964
586.813369618773,-143.540218390897
588.166114143038,-143.529937532513
589.521977065491,-143.519632974302
590.880965574781,-143.509304661632
592.24308687613,-143.498952539741
593.60834819137,-143.488576553746
594.97675675898,-143.478176648632
596.348319834126,-143.467752769261
597.723044688699,-143.457304860366
599.100938611354,-143.446832866554
600.482008907546,-143.436336732303
601.866262899573,-143.425816401963
603.253707926612,-143.415271819758
604.644351344759,-143.40470292978
606.038200527066,-143.394109675994
607.435262863583,-143.383492002237
608.835545761395,-143.372849852213
610.239056644663,-143.362183169501
611.645802954662,-143.351491897545
613.05579214982,-143.340775979661
614.469031705761,-143.330035359036
615.885529115339,-143.319269978723
617.305291888684,-143.308479781646
618.728327553234,-143.297664710595
620.154643653785,-143.286824708231
621.584247752522,-143.275959717081
623.017147429064,-143.265069679539
624.453350280502,-143.254154537868
625.89286392144,-143.243214234197
627.335695984038,-143.232248710521
628.781854118046,-143.221257908703
630.231345990851,-143.21024177047
631.684179287515,-143.199200237415
633.140361710816,-143.188133250998
634.599900981287,-143.177040752542
636.06280483726,-143.165922683237
637.529081034906,-143.154778984135
638.998737348277,-143.143609596153
640.471781569342,-143.132414460073
641.948221508036,-143.121193516539
643.428064992296,-143.109946706059
644.911319868105,-143.098673969002
646.397993999534,-143.087375245604
647.88809526878,-143.076050475957
649.381631576211,-143.064699600021
650.878610840409,-143.053322557613
652.379040998209,-143.041919288414
653.882930004742,-143.030489731964
655.390285833477,-143.019033827666
656.901116476266,-143.00755151478
658.415429943382,-142.99604273243
659.933234263564,-142.984507419597
661.45453748406,-142.972945515121
662.979347670668,-142.961356957703
664.507672907779,-142.949741685901
666.039521298423,-142.938099638132
667.574900964306,-142.926430752671
669.113820045859,-142.914734967651
670.656286702277,-142.903012221063
672.202309111567,-142.891262450752
673.751895470583,-142.879485594424
675.305053995079,-142.867681589637
676.861792919746,-142.85585037381
678.42212049826,-142.843991884213
679.986045003322,-142.832106057975
681.553574726704,-142.820192832077
683.124717979293,-142.808252143357
684.699483091133,-142.796283928507
686.277878411473,-142.784288124073
687.859912308807,-142.772264666453
689.445593170922,-142.760213491901
691.03492940494,-142.748134536522
692.627929437363,-142.736027736276
694.224601714119,-142.723893026973
695.824954700605,-142.711730344275
697.428996881733,-142.699539623699
699.036736761977,-142.687320800609
700.648182865411,-142.675073810223
702.263343735764,-142.662798587608
703.882227936457,-142.650495067683
705.504844050653,-142.638163185215
707.131200681301,-142.625802874822
708.761306451182,-142.613414070971
710.395170002956,-142.600996707978
712.032799999202,-142.588550720006
713.674205122474,-142.576076041069
715.319394075337,-142.563572605027
716.968375580419,-142.551040345589
718.621158380458,-142.538479196309
720.27775123834,-142.525889090589
721.938162937159,-142.513269961678
723.602402280251,-142.50062174267
725.270478091247,-142.487944366507
726.942399214119,-142.475237765973
728.618174513227,-142.462501873699
730.297812873365,-142.449736622162
731.981323199808,-142.436941943681
733.668714418359,-142.42411777042
735.3599954754,-142.411264034387
737.055175337934,-142.398380667432
738.754262993636,-142.385467601248
740.4572674509,-142.372524767373
742.164197738885,-142.359552097184
743.875062907567,-142.346549521902
745.589872027781,-142.333516972589
747.308634191276,-142.320454380146
749.031358510757,-142.307361675318
750.758054119937,-142.294238788688
752.488730173584,-142.281085650681
754.223395847571,-142.267902191558
755.962060338921,-142.254688341424
757.704732865862,-142.241444030219
759.451422667869,-142.228169187724
761.202139005718,-142.214863743557
762.956891161533,-142.201527627172
764.715688438834,-142.188160767865
766.478540162591,-142.174763094764
768.245455679267,-142.161334536838
770.016444356872,-142.147875022888
771.791515585012,-142.134384481554
773.570678774939,-142.12086284131
775.353943359597,-142.107310030467
777.14131879368,-142.093725977168
778.932814553672,-142.080110609392
780.728440137907,-142.066463854952
782.528205066612,-142.052785641494
784.332118881962,-142.039075896497
786.140191148128,-142.025334547274
787.95243145133,-142.01156152097
789.768849399886,-141.997756744561
791.589454624261,-141.983920144856
793.414256777125,-141.970051648494
795.243265533396,-141.956151181946
797.076490590297,-141.942218671514
798.913941667404,-141.928254043328
800.755628506701,-141.914257223349
802.601560872627,-141.900228137368
804.451748552132,-141.886166711004
806.306201354728,-141.872072869704
808.164929112537,-141.857946538745
810.02794168035,-141.843787643229
811.895248935675,-141.829596108089
813.766860778787,-141.815371858081
815.642787132787,-141.801114817791
817.52303794365,-141.786824911628
819.407623180277,-141.77250206383
821.296552834554,-141.758146198457
823.189836921396,-141.743757239397
825.087485478807,-141.729335110361
826.989508567931,-141.714879734884
828.895916273106,-141.700391036324
830.806718701914,-141.685868937865
832.721925985241,-141.671313362512
834.641548277324,-141.656724233092
836.56559575581,-141.642101472256
838.494078621807,-141.627445002474
840.427007099939,-141.61275474604
842.364391438401,-141.598030625068
844.306241909012,-141.583272561492
846.252568807269,-141.568480477065
848.203382452404,-141.553654293362
850.158693187436,-141.538793931775
852.118511379229,-141.523899313518
854.082847418544,-141.508970359619
856.051711720094,-141.494006990927
858.025114722603,-141.479009128108
860.003066888856,-141.463976691645
861.985578705759,-141.448909601836
863.972660684391,-141.433807778799
865.964323360065,-141.418671142463
867.960577292377,-141.403499612578
869.961433065267,-141.388293108704
871.966901287074,-141.373051550218
873.976992590589,-141.357774856312
875.991717633117,-141.342462945988
878.01108709653,-141.327115738066
880.035111687322,-141.311733151176
882.063802136673,-141.296315103761
884.097169200495,-141.280861514076
886.135223659499,-141.265372300188
888.177976319248,-141.249847379974
890.22543801021,-141.234286671122
892.277619587827,-141.218690091133
894.334531932558,-141.203057557313
896.39618594995,-141.18738898678
898.462592570686,-141.171684296463
900.533762750648,-141.155943403095
902.609707470975,-141.140166223221
904.690437738119,-141.12435267319
906.775964583905,-141.108502669162
908.866299065588,-141.092616127102
910.961452265913,-141.076692962779
913.061435293176,-141.060733091772
915.166259281275,-141.044736429462
917.275935389779,-141.028702891038
919.390474803981,-141.01263239149
921.509888734957,-140.996524845614
923.63418841963,-140.980380168011
925.763385120825,-140.964198273082
927.897490127331,-140.947979075032
930.03651475396,-140.93172248787
932.180470341608,-140.915428425404
934.329368257314,-140.899096801244
936.48321989432,-140.882727528803
938.642036672135,-140.866320521292
940.805830036589,-140.849875691722
942.974611459899,-140.833392952905
945.148392440729,-140.81687221745
947.327184504249,-140.800313397768
949.510999202198,-140.783716406063
951.699848112943,-140.767081154342
953.893742841545,-140.750407554404
956.092695019813,-140.733695517849
958.296716306375,-140.716944956072
960.50581838673,-140.700155780261
962.720012973319,-140.683327901403
964.939311805582,-140.666461230278
967.163726650018,-140.64955567746
969.393269300255,-140.632611153318
971.627951577106,-140.615627568014
973.867785328633,-140.598604831502
976.112782430213,-140.58154285353
978.362954784595,-140.564441543637
980.618314321971,-140.547300811153
982.878873000032,-140.5301205652
985.144642804034,-140.512900714689
987.415635746866,-140.495641168324
989.691863869102,-140.478341834595
991.973339239081,-140.461002621783
994.260073952956,-140.443623437958
996.552080134768,-140.426204190976
998.849369936505,-140.408744788483
1001.15195553817,-140.39516178674
1003.45984914784,-140.385468633579
1005.77306300174,-140.375753135393
1008.0916093643,-140.36601524067
1010.41550052821,-140.356254897782
1012.74474881453,-140.346472054979
1015.07936657269,-140.336666660395
1017.4193661806,-140.326838662041
1019.76476004472,-140.316988007812
1022.11556060007,-140.30711464548
1024.47178031038,-140.297218522696
1026.83343166809,-140.287299586994
1029.20052719443,-140.277357785783
1031.57307943951,-140.267393066354
1033.95110098237,-140.257405375874
1036.33460443104,-140.24739466139
1038.72360242262,-140.237360869825
1041.11810762334,-140.227303947982
1043.51813272862,-140.21722384254
1045.92369046317,-140.207120500055
1048.334793581,-140.19699386696
1050.75145486555,-140.186843889565
1053.17368712972,-140.176670514055
1055.60150321593,-140.166473686493
1058.03491599623,-140.156253352816
1060.47393837233,-140.146009458836
1062.91858327569,-140.135741950242
1065.36886366756,-140.125450772596
1067.8247925391,-140.115135871336
1070.28638291138,-140.104797191772
1072.75364783553,-140.094434679091
1075.22660039273,-140.084048278351
1077.70525369432,-140.073637934484
1080.18962088189,-140.063203592296
1082.6797151273,-140.052745196465
1085.17554963278,-140.042262691542
1087.677137631,-140.03175602195
1090.18449238513,-140.021225131982
1092.69762718891,-140.010669965807
1095.21655536674,-140.00009046746
1097.74129027371,-139.98948658085
1100.27184529573,-139.978858249758
1102.80823384955,-139.968205417832
1105.35046938284,-139.957528028592
1107.89856537429,-139.946826025428
1110.45253533364,-139.936099351599
1113.01239280179,-139.925347950232
1115.57815135085,-139.914571764326
1118.14982458422,-139.903770736746
1120.72742613665,-139.892944810226
1123.31096967432,-139.882093927368
1125.90046889494,-139.871218030641
1128.49593752776,-139.860317062383
1131.09738933371,-139.849390964798
1133.70483810541,-139.838439679957
1136.31829766731,-139.827463149797
1138.93778187571,-139.816461316122
1141.56330461885,-139.805434120601
1144.19487981699,-139.794381504769
1146.83252142248,-139.783303410026
1149.47624341983,-139.772199777637
1152.12605982581,-139.761070548732
1154.78198468946,-139.749915664304
1157.44403209224,-139.738735065213
1160.11221614805,-139.727528692178
1162.78655100335,-139.716296485786
1165.4670508372,-139.705038386484
1168.15372986132,-139.693754334582
1170.84660232024,-139.682444270255
1173.54568249129,-139.671108133537
1176.25098468472,-139.659745864324
1178.96252324379,-139.648357402376
1181.68031254478,-139.636942687312
1184.40436699717,-139.625501658612
1187.1347010436,-139.614034255617
1189.87132916004,-139.602540417528
1192.61426585582,-139.591020083406
1195.36352567372,-139.57947319217
1198.11912319003,-139.567899682602
1200.88107301467,-139.556299493338
1203.64938979121,-139.544672562877
1206.424088197,-139.533018829573
1209.20518294321,-139.521338231639
1211.99268877492,-139.509630707145
1214.78662047122,-139.497896194021
1217.58699284526,-139.48613463005
1220.39382074432,-139.474345952874
1223.20711904993,-139.46253009999
1226.02690267792,-139.450687008753
1228.85318657851,-139.43881661637
1231.68598573636,-139.426918859907
1234.52531517069,-139.414993676283
1237.37118993535,-139.403041002272
1240.22362511889,-139.391060774501
1243.08263584462,-139.379052929453
1245.94823727075,-139.367017403463
1248.8204445904,-139.35495413272
1251.69927303172,-139.342863053267
1254.584737858,-139.330744100996
1257.47685436766,-139.318597211656
1260.37563789442,-139.306422320843
1263.28110380736,-139.294219364009
1266.19326751094,-139.281988276454
1269.11214444519,-139.26972899333
1272.03775008569,-139.25744144964
1274.97009994371,-139.245125580236
1277.90920956629,-139.232781319822
1280.85509453628,-139.220408602948
1283.80777047248,-139.208007364016
1286.76725302967,-139.195577537275
1289.73355789875,-139.183119056825
1292.70670080676,-139.170631856612
1295.68669751702,-139.158115870429
1298.67356382916,-139.145571031918
1301.66731557926,-139.132997274567
1304.66796863989,-139.120394531712
1307.67553892022,-139.107762736535
1310.69004236608,-139.095101822062
1313.71149496006,-139.082411721168
1316.73991272162,-139.069692366569
1319.77531170712,-139.05694369083
1322.81770800993,-139.044165626358
1325.86711776056,-139.031358105406
1328.92355712666,-139.018521060068
1331.98704231316,-139.005654422285
1335.05758956237,-138.992758123838
1338.13521515402,-138.979832096353
1341.21993540537,-138.966876271297
1344.31176667131,-138.953890579981
1347.4107253444,-138.940874953554
1350.51682785504,-138.927829323009
1353.63009067146,-138.91475361918
1356.75053029986,-138.901647772741
1359.87816328452,-138.888511714205
1363.01300620783,-138.875345373927
1366.15507569041,-138.8621486821
1369.30438839121,-138.848921568757
1372.46096100756,-138.835663963768
1375.62481027531,-138.822375796844
1378.79595296886,-138.809056997531
1381.97440590129,-138.795707495215
1385.16018592446,-138.782327219117
1388.35330992904,-138.768916098298
1391.55379484467,-138.755474061652
1394.76165763999,-138.742001037912
1397.97691532278,-138.728496955644
1401.19958494001,-138.714961743252
1404.42968357795,-138.701395328973
1407.66722836226,-138.687797640879
1410.9122364581,-138.674168606876
1414.16472507015,-138.660508154705
1417.42471144281,-138.64681621194
1420.69221286018,-138.633092705987
1423.96724664624,-138.619337564086
1427.24983016489,-138.605550713307
1430.53998082007,-138.591732080556
1433.83771605581,-138.577881592566
1437.14305335639,-138.563999175903
1440.45601024638,-138.550084756965
1443.77660429074,-138.536138261979
1447.10485309493,-138.522159617001
1450.440774305,-138.508148747919
1453.78438560766,-138.494105580448
1457.13570473042,-138.480030040132
1460.49474944163,-138.465922052345
1463.86153755062,-138.451781542287
1467.23608690775,-138.437608434987
1470.61841540456,-138.423402655301
1474.00854097381,-138.40916412791
1477.40648158961,-138.394892777324
1480.81225526751,-138.380588527876
1484.22588006457,-138.366251303729
1487.6473740795,-138.351881028866
1491.07675545272,-138.337477627099
1494.51404236646,-138.323041022061
1497.95925304488,-138.308571137212
1501.41240575414,-138.294067895833
1504.87351880251,-138.279531221029
1508.34261054048,-138.26496103573
1511.81969936082,-138.250357262685
1515.3048036987,-138.235719824465
1518.79794203181,-138.221048643466
1522.29913288042,-138.206343641902
1525.80839480749,-138.191604741809
1529.32574641878,-138.176831865041
1532.85120636294,-138.162024933276
1536.3847933316,-138.147183868007
1539.92652605949,-138.13230859055
1543.47642332453,-138.117399022037
1547.03450394792,-138.102455083419
1550.60078679425,-138.087476695464
1554.17529077158,-138.072463778759
1557.7580348316,-138.057416253707
1561.34903796965,-138.042334040527
1564.94831922487,-138.027217059256
1568.55589768029,-138.012065229743
1572.17179246294,-137.996878471656
1575.79602274392,-137.981656704476
1579.42860773856,-137.966399847498
1583.06956670644,-137.951107819833
1586.71891895157,-137.935780540403
1590.37668382247,-137.920417927946
1594.04288071222,-137.905019901009
1597.71752905864,-137.889586377954
1601.40064834435,-137.874117276954
1605.09225809689,-137.858612515993
1608.7923778888,-137.843072012867
1612.50102733774,-137.827495685181
1616.21822610661,-137.811883450352
1619.94399390363,-137.796235225605
1623.67835048244,-137.780550927974
1627.42131564223,-137.764830474303
1631.17290922784,-137.749073781243
1634.93315112983,-137.733280765255
1638.70206128463,-137.717451342605
1642.47965967464,-137.701585429367
1646.2659663283,-137.685682941421
1650.06100132023,-137.669743794455
1653.86478477133,-137.65376790396
1657.67733684888,-137.637755185235
1661.49867776665,-137.62170555338
1665.32882778502,-137.605618923303
1669.16780721106,-137.589495209714
1673.01563639864,-137.573334327126
1676.87233574859,-137.557136189856
1680.73792570874,-137.540900712023
1684.61242677405,-137.524627807549
1688.49585948675,-137.508317390156
1692.38824443642,-137.491969373367
1696.28960226008,-137.475583670508
1700.19995364236,-137.459160194702
1704.11931931554,-137.442698858875
1708.04772005971,-137.426199575749
1711.98517670286,-137.409662257848
1715.93171012099,-137.393086817492
1719.88734123824,-137.376473166799
1723.85209102696,-137.359821217687
1727.82598050786,-137.343130881867
1731.80903075011,-137.32640207085
1735.80126287145,-137.30963469594
1739.80269803829,-137.292828668239
1743.81335746584,-137.275983898643
1747.83326241822,-137.259100297843
1751.86243420856,-137.242177776324
1755.90089419914,-137.225216244364
1759.94866380147,-137.208215612034
1764.00576447641,-137.191175789199
1768.07221773432,-137.174096685516
1772.14804513512,-137.156978210432
1776.23326828844,-137.139820273189
1780.32790885373,-137.122622782814
1784.43198854037,-137.10538564813
1788.54552910777,-137.088108777747
1792.66855236553,-137.070792080065
1796.80108017349,-137.053435463271
1800.94313444192,-137.036038835344
1805.09473713157,-137.018602104047
1809.25591025382,-137.001125176934
1813.4266758708,-136.983607961343
1817.6070560955,-136.966050364399
1821.79707309187,-136.948452293014
1825.99674907497,-136.930813653885
1830.20610631106,-136.913134353494
1834.42516711773,-136.895414298106
1838.65395386402,-136.877653393771
1842.89248897055,-136.859851546324
1847.1407949096,-136.84200866138
1851.39889420527,-136.824124644338
1855.66680943357,-136.806199400379
1859.94456322258,-136.788232834465
1864.2321782525,-136.770224851339
1868.52967725585,-136.752175355525
1872.83708301755,-136.734084251326
1877.15441837502,-136.715951442825
1881.48170621836,-136.697776833883
1885.8189694904,-136.67956032814
1890.1662311869,-136.661301829015
1894.52351435659,-136.643001239702
1898.89084210136,-136.624658463174
1903.26823757635,-136.606273402179
1907.65572399007,-136.587845959242
1912.05332460453,-136.569376036661
1916.46106273539,-136.550863536511
1920.87896175202,-136.532308360642
1925.30704507768,-136.513710410674
1929.74533618964,-136.495069588003
1934.19385861928,-136.476385793799
1938.65263595221,-136.457658929001
1943.12169182842,-136.438888894321
1947.60104994242,-136.420075590242
1952.0907340433,-136.401218917018
1956.59076793494,-136.382318774673
1961.10117547605,-136.363375063001
1965.62198058037,-136.344387681562
1970.15320721676,-136.32535652969
1974.69487940933,-136.306281506481
1979.24702123758,-136.287162510802
1983.8096568365,-136.267999441287
1988.38281039675,-136.248792196334
1992.96650616472,-136.229540674108
1997.56076844271,-136.210244772541
2002.16562158904,-136.197040317162
2006.78109001819,-136.190732510308
2011.40719820091,-136.184410162459
2016.04397066436,-136.178073240092
2020.69143199226,-136.171721709611
2025.34960682497,-136.165355537339
2030.01851985968,-136.158974689525
2034.69819585051,-136.152579132338
2039.38865960861,-136.146168831868
2044.08993600238,-136.13974375413
2048.8020499575,-136.133303865058
2053.52502645715,-136.126849130509
2058.25889054205,-136.120379516259
2063.00366731071,-136.113894988009
2067.75938191944,-136.107395511377
2072.52605958257,-136.100881051904
2077.30372557256,-136.094351575051
2082.09240522012,-136.087807046199
2086.89212391433,-136.08124743065
2091.70290710285,-136.074672693626
2096.52478029196,-136.068082800268
2101.35776904675,-136.061477715636
2106.20189899124,-136.054857404712
2111.05719580854,-136.048221832395
2115.92368524095,-136.041570963504
2120.80139309009,-136.034904762777
2125.69034521711,-136.02822319487
2130.59056754272,-136.021526224358
2135.50208604744,-136.014813815735
2140.42492677163,-136.008085933412
2145.35911581571,-136.001342541719
2150.30467934026,-135.994583604902
2155.26164356616,-135.987809087126
2160.23003477474,-135.981018952474
2165.20987930793,-135.974213164946
2170.20120356835,-135.967391688457
2175.20403401952,-135.96055448684
2180.21839718594,-135.953701523846
2185.24431965327,-135.946832763141
2190.28182806845,-135.939948168306
2195.33094913985,-135.933047702842
2200.3917096374,-135.926131330162
2205.46413639275,-135.919199013597
2210.5482562994,-135.912250716391
2215.64409631286,-135.905286401706
2220.75168345075,-135.898306032617
2225.871044793,-135.891309572116
2231.00220748195,-135.884296983108
2236.14519872252,-135.877268228413
2241.30004578233,-135.870223270764
2246.46677599186,-135.863162072811
2251.64541674462,-135.856084597116
2256.83599549722,-135.848990806154
2262.03853976962,-135.841880662315
2267.25307714517,-135.834754127902
2272.47963527084,-135.82761116513
2277.71824185732,-135.820451736128
2282.96892467918,-135.813275802938
2288.23171157501,-135.806083327514
2293.50663044759,-135.798874271722
2298.79370926401,-135.791648597339
2304.09297605584,-135.784406266057
2309.40445891927,-135.777147239477
2314.72818601524,-135.769871479112
2320.06418556963,-135.762578946388
2325.41248587338,-135.75526960264
2330.77311528264,-135.747943409114
2336.14610221893,-135.740600326967
2341.5314751693,-135.733240317269
2346.92926268646,-135.725863340995
2352.33949338895,-135.718469359035
2357.76219596125,-135.711058332186
2363.19739915402,-135.703630221156
2368.64513178414,-135.696184986562
2374.10542273496,-135.688722588929
2379.5783009564,-135.681242988693
2385.0637954651,-135.673746146198
2390.56193534463,-135.666232021696
2396.07274974556,-135.658700575348
2401.5962678857,-135.651151767223
2407.13251905017,-135.643585557298
2412.68153259163,-135.636001905458
2418.24333793041,-135.628400771495
2423.81796455463,-135.620782115109
2429.40544202042,-135.613145895905
2435.00579995202,-135.605492073399
2440.61906804198,-135.597820607009
2446.24527605128,-135.590131456063
2451.88445380951,-135.582424579794
2457.53663121505,-135.574699937339
2463.20183823516,-135.566957487745
2468.88010490621,-135.559197189962
2474.57146133381,-135.551419002844
2480.27593769296,-135.543622885153
2485.99356422823,-135.535808795555
2491.7243712539,-135.52797669262
2497.46838915414,-135.520126534823
2503.22564838317,-135.512258280543
2508.9961794654,-135.504371888064
2514.78001299561,-135.496467315573
2520.57717963911,-135.48854452116
2526.38771013189,-135.48060346282
2532.21163528083,-135.47264409845
2538.04898596378,-135.464666385849
2543.8997931298,-135.456670282723
2549.76408779928,-135.448655746674
2555.64190106414,-135.440622735212
2561.53326408795,-135.432571205746
2567.43820810613,-135.424501115588
2573.35676442611,-135.416412421951
2579.28896442749,-135.408305081949
2585.23483956219,-135.400179052598
2591.19442135466,-135.392034290815
2597.16774140201,-135.383870753417
2603.15483137418,-135.375688397122
2609.15572301413,-135.367487178547
2615.170448138,-135.359267054211
2621.19903863524,-135.351027980532
2627.24152646886,-135.342769913826
2633.29794367551,-135.33449281031
2639.36832236573,-135.3261966261
2645.45269472405,-135.31788131721
2651.55109300921,-135.309546839554
2657.66354955431,-135.301193148942
2663.79009676699,-135.292820201085
2669.93076712959,-135.28442795159
2676.08559319933,-135.276016355961
2682.25460760849,-135.267585369602
2688.43784306457,-135.259134947812
2694.63533235047,-135.250665045788
2700.84710832466,-135.242175618623
2707.07320392135,-135.233666621307
2713.3136521507,-135.225138008727
2719.56848609892,-135.216589735665
2725.83773892853,-135.208021756798
2732.12144387848,-135.199434026699
2738.41963426436,-135.190826499839
2744.73234347854,-135.182199130579
2751.05960499036,-135.17355187318
2757.40145234636,-135.164884681793
2763.75791917037,-135.156197510467
2770.12903916373,-135.147490313143
2776.51484610551,-135.138763043656
2782.9153738526,-135.130015655735
2789.33065633998,-135.121248103002
2795.76072758083,-135.112460338973
2802.20562166675,-135.103652317055
2808.66537276792,-135.094823990551
2815.1400151333,-135.085975312651
2821.6295830908,-135.077106236443
2828.13411104747,-135.068216714902
2834.65363348967,-135.059306700897
2841.18818498324,-135.05037614719
2847.73780017375,-135.041425006429
2854.30251378658,-135.032453231158
2860.8823606272,-135.023460773809
2867.47737558131,-135.014447586706
2874.08759361502,-135.005413622059
2880.71304977504,-134.996358831974
2887.35377918888,-134.987283168442
2894.00981706504,-134.978186583344
2900.68119869315,-134.969069028453
2907.36795944423,-134.959930455426
2914.0701347708,-134.950770815813
2920.78776020715,-134.94159006105
2927.52087136944,-134.932388142462
2934.26950395597,-134.92316501126
2941.03369374731,-134.913920618545
2947.81347660652,-134.904654915304
2954.60888847934,-134.895367852412
2961.41996539436,-134.886059380628
2968.24674346324,-134.8767294506
2975.08925888087,-134.867378012863
2981.9475479256,-134.858005017835
2988.82164695937,-134.848610415822
2995.711592428,-134.839194157015
3002.61742086127,-134.82975619149
3009.5391688732,-134.820296469207
3016.47687316222,-134.810814940012
3023.43057051133,-134.801311553634
3030.40029778836,-134.791786259689
3037.3860919461,-134.782239007674
3044.38799002254,-134.772669746969
3051.40602914104,-134.763078426841
3058.44024651055,-134.753464996436
3065.49067942579,-134.743829404785
3072.55736526744,-134.734171600801
3079.64034150239,-134.72449153328
3086.73964568386,-134.714789150899
3093.85531545165,-134.705064402216
3100.98738853234,-134.695317235672
3108.13590273947,-134.685547599589
3115.30089597376,-134.675755442169
3122.48240622327,-134.665940711495
3129.68047156367,-134.65610335553
3136.89513015838,-134.646243322117
3144.12642025879,-134.63636055898
3151.3743802045,-134.62645501372
3158.63904842347,-134.616526633821
3165.92046343224,-134.606575366643
3173.21866383614,-134.596601159424
3180.53368832952,-134.586603959283
3187.8655756959,-134.576583713216
3195.21436480822,-134.566540368095
3202.58009462903,-134.556473870674
3209.96280421069,-134.546384167579
3217.3625326956,-134.536271205316
3224.77931931637,-134.526134930268
3232.21320339609,-134.515975288692
3239.66422434845,-134.505792226724
3247.13242167802,-134.495585690373
3254.61783498046,-134.485355625527
3262.12050394267,-134.475101977945
3269.64046834305,-134.464824693264
3277.17776805172,-134.454523716996
3284.73244303068,-134.444198994525
3292.30453333407,-134.43385047111
3299.89407910835,-134.423478091885
3307.50112059254,-134.413081801857
3315.12569811843,-134.402661545905
3322.76785211075,-134.392217268782
3330.42762308746,-134.381748915114
3338.10505165989,-134.371256429398
3345.80017853301,-134.360739756005
3353.51304450561,-134.350198839176
3361.24369047053,-134.339633623024
3368.99215741491,-134.329044051533
3376.75848642032,-134.318430068559
3384.54271866309,-134.307791617827
3392.34489541443,-134.297128642934
3400.16505804071,-134.286441087344
3408.00324800365,-134.275728894395
3415.85950686055,-134.264992007291
3423.73387626452,-134.254230369105
3431.62639796468,-134.243443922782
3439.5371138064,-134.232632611131
3447.46606573149,-134.221796376834
3455.41329577848,-134.210935162436
3463.37884608279,-134.200048910354
3471.36275887698,-134.189137562868
3479.36507649094,-134.178201062129
3487.38584135218,-134.167239350152
3495.425095986,-134.156252368819
3503.48288301571,-134.145240059879
3511.5592451629,-134.134202364944
3519.65422524766,-134.123139225495
3527.76786618874,-134.112050582875
3535.90021100387,-134.100936378295
3544.05130280993,-134.089796552826
3552.2211848232,-134.078631047408
3560.40990035957,-134.067439802842
3568.61749283481,-134.056222759792
3576.84400576475,-134.044979858788
3585.08948276555,-134.03371104022
3593.3539675539,-134.022416244343
3601.63750394727,-134.011095411272
3609.94013586417,-133.999748480986
3618.2619073243,-133.988375393323
3626.60286244887,-133.976976087987
3634.96304546081,-133.965550504537
3643.34250068497,-133.954098582397
3651.74127254837,-133.942620260851
3660.15940558049,-133.93111547904
3668.59694441342,-133.919584175968
3677.05393378214,-133.908026290498
3685.53041852479,-133.896441761349
3694.02644358283,-133.884830527103
3702.54205400135,-133.873192526198
3711.07729492926,-133.86152769693
3719.63221161956,-133.849835977453
3728.20684942957,-133.83811730578
3736.80125382115,-133.826371619778
3745.41547036101,-133.814598857173
3754.04954472084,-133.802798955548
3762.70352267765,-133.790971852341
3771.37745011397,-133.779117484844
3780.07137301811,-133.767235790209
3788.78533748437,-133.755326705438
3797.51938971332,-133.743390167392
3806.27357601206,-133.731426112784
3815.04794279438,-133.719434478181
3823.84253658112,-133.707415200006
3832.65740400034,-133.695368214533
3841.49259178759,-133.68329345789
3850.34814678615,-133.671190866059
3859.22411594729,-133.659060374872
3868.12054633052,-133.646901920015
3877.03748510383,-133.634715437025
3885.97497954393,-133.62250086129
3894.93307703654,-133.61025812805
3903.9118250766,-133.597987172395
3912.91127126853,-133.585687929266
3921.9314633265,-133.573360333454
3930.97244907467,-133.561004319598
3940.03427644746,-133.548619822188
3949.11699348975,-133.536206775564
3958.22064835722,-133.523765113912
3967.34528931655,-133.511294771267
3976.49096474565,-133.498795681514
3985.65772313401,-133.486267778384
3994.84561308285,-133.473710995453
4004.05468330546,-133.461125266149
4013.28498262741,-133.448510523743
4022.53655998683,-133.435866701351
4031.80946443465,-133.423193731939
4041.1037451349,-133.410491548316
4050.41945136493,-133.397760083135
4059.75663251568,-133.384999268895
4069.11533809196,-133.372209037941
4078.4956177127,-133.359389322459
4087.8975211112,-133.346540054481
4097.32109813542,-133.333661165882
4106.76639874821,-133.320752588377
4116.23347302765,-133.307814253529
4125.7223711672,-133.294846092738
4135.23314347605,-133.281848037249
4144.76584037939,-133.268820018148
4154.32051241861,-133.255761966361
4163.89721025164,-133.242673812656
4173.49598465317,-133.229555487641
4183.11688651495,-133.216406921763
4192.75996684605,-133.20322804531
4202.42527677312,-133.19001878841
4212.11286754066,-133.176779081028
4221.82279051133,-133.163508852968
4231.55509716616,-133.150208033873
4241.30983910488,-133.136876553223
4251.08706804615,-133.123514340337
4260.88683582788,-133.110121324369
4270.70919440745,-133.09669743431
4280.55419586204,-133.083242598989
4290.42189238885,-133.069756747069
4300.31233630544,-133.056239807049
4310.22558004995,-133.042691707265
4320.16167618142,-133.029112375885
4330.12067738004,-133.015501740914
4340.10263644743,-133.001859730188
4350.10760630697,-132.98818627138
4360.13564000399,-132.974481291995
4370.18679070613,-132.960744719368
4380.2611117036,-132.946976480672
4390.35865640945,-132.933176502907
4400.47947835984,-132.919344712908
4410.62363121437,-132.90548103734
4420.79116875633,-132.8915854027
4430.98214489299,-132.877657735313
4441.19661365588,-132.863697961337
4451.43462920113,-132.849706006758
4461.69624580964,-132.835681797393
4471.98151788751,-132.821625258887
4482.2904999662,-132.807536316713
4492.62324670293,-132.793414896173
4502.97981288089,-132.779260922396
4513.36025340955,-132.76507432034
4523.76462332499,-132.750855014789
4534.19297779014,-132.736602930353
4544.64537209508,-132.72231799147
4555.12186165739,-132.708000122402
4565.62250202236,-132.693649247236
4576.14734886333,-132.679265289887
4586.69645798201,-132.664848174091
4597.26988530872,-132.650397823411
4607.86768690272,-132.635914161233
4618.48991895248,-132.621397110765
4629.13663777605,-132.606846595039
4639.80789982125,-132.592262536911
4650.50376166606,-132.577644859056
4661.22428001887,-132.562993483974
4671.9695117188,-132.548308333984
4682.739513736,-132.533589331227
4693.53434317195,-132.518836397665
4704.35405725976,-132.504049455078
4715.19871336448,-132.489228425069
4726.06836898338,-132.474373229056
4736.96308174632,-132.45948378828
4747.88290941597,-132.444560023798
4758.82790988817,-132.429601856486
4769.79814119221,-132.414609207037
4780.79366149118,-132.399581995962
4791.81452908224,-132.384520143588
4802.86080239691,-132.369423570058
4813.93254000144,-132.354292195331
4825.0298005971,-132.339125939184
4836.15264302044,-132.323924721205
4847.30112624366,-132.3086884608
4858.47530937492,-132.293417077188
4869.67525165863,-132.2781104894
4880.90101247576,-132.262768616283
4892.15265134418,-132.247391376496
4903.43022791895,-132.231978688511
4914.73380199267,-132.21653047061
4926.06343349577,-132.201046640889
4937.41918249681,-132.185527117254
4948.80110920286,-132.169971817423
4960.20927395974,-132.154380658922
4971.64373725243,-132.138753559088
4983.10455970529,-132.123090435069
4994.59180208248,-132.107391203821
5006.10552528821,-132.09725251362
5017.64579036709,-132.092059394335
5029.21265850446,-132.086854303673
5040.80619102669,-132.081637214038
5052.42644940156,-132.076408097769
5064.07349523851,-132.071166927143
5075.74739028901,-132.06591367437
5087.44819644691,-132.060648311599
5099.1759757487,-132.055370810913
5110.93079037391,-132.050081144332
5122.71270264538,-132.04477928381
5134.52177502967,-132.039465201237
5146.35807013727,-132.034138868438
5158.22165072305,-132.028800257175
5170.11257968655,-132.023449339141
5182.03092007227,-132.018086085967
5193.97673507007,-132.012710469218
5205.95008801548,-132.007322460393
5217.95104239002,-132.001922030924
5229.97966182156,-131.99650915218
5242.03601008462,-131.991083795462
5254.12015110079,-131.985645932005
5266.23214893897,-131.980195532977
5278.37206781576,-131.974732569483
5290.53997209582,-131.969257012557
5302.73592629214,-131.963768833169
5314.95999506648,-131.95826800222
5327.21224322962,-131.952754490547
5339.49273574176,-131.947228268916
5351.80153771287,-131.941689308029
5364.13871440296,-131.936137578519
5376.50433122254,-131.93057305095
5388.89845373287,-131.92499569582
5401.32114764634,-131.919405483559
5413.77247882686,-131.913802384528
5426.25251329014,-131.908186369019
5438.76131720408,-131.902557407258
5451.2989568891,-131.8969154694
5463.86549881854,-131.891260525532
5476.46100961894,-131.885592545671
5489.08555607044,-131.879911499768
5501.73920510715,-131.874217357702
5514.42202381743,-131.868510089282
5527.13407944435,-131.86278966425
5539.87543938594,-131.857056052276
5552.64617119563,-131.851309222962
5565.44634258258,-131.845549145838
5578.276021412,-131.839775790365
5591.1352757056,-131.833989125932
5604.02417364185,-131.828189121861
5616.94278355639,-131.8223757474
5629.89117394243,-131.816548971726
5642.86941345104,-131.810708763947
5655.87757089154,-131.804855093099
5668.91571523189,-131.798987928146
5681.98391559905,-131.79310723798
5695.08224127931,-131.787212991424
5708.21076171867,-131.781305157227
5721.36954652326,-131.775383704065
5734.55866545964,-131.769448600543
5747.77818845521,-131.763499815195
5761.02818559856,-131.757537316481
5774.30872713985,-131.751561072787
5787.61988349121,-131.745571052429
5800.96172522703,-131.739567223648
5814.33432308447,-131.733549554612
5827.73774796368,-131.727518013416
5841.1720709283,-131.721472568082
5854.63736320577,-131.715413186557
5868.13369618773,-131.709339836716
5881.66114143039,-131.703252486356
5895.21977065491,-131.697151103205
5908.80965574781,-131.691035654913
5922.4308687613,-131.684906109057
5936.0834819137,-131.678762433139
5949.7675675898,-131.672604594585
5963.48319834126,-131.666432560746
5977.230446887,-131.660246298901
5991.00938611353,-131.654045776249
6004.82008907546,-131.647830959916
6018.66262899574,-131.641601816952
6032.53707926612,-131.63535831433
6046.44351344759,-131.629100418949
6060.38200527066,-131.622828097628
6074.35262863583,-131.616541317114
6088.35545761395,-131.610240044074
6102.39056644663,-131.603924245099
6116.45802954662,-131.597593886704
6130.5579214982,-131.591248935326
6144.69031705761,-131.584889357324
6158.8552911534,-131.578515118981
6173.05291888683,-131.572126186501
6187.28327553234,-131.56572252601
6201.54643653785,-131.559304103558
6215.84247752523,-131.552870885114
6230.17147429064,-131.546422836569
6244.53350280502,-131.539959923738
6258.92863921441,-131.533482112354
6273.35695984038,-131.526989368072
6287.81854118046,-131.520481656469
6302.31345990851,-131.513958943041
6316.84179287516,-131.507421193206
6331.40361710815,-131.500868372301
6345.99900981287,-131.494300445584
6360.6280483726,-131.487717378232
6375.29081034906,-131.481119135343
6389.98737348277,-131.474505681933
6404.71781569342,-131.467876982938
6419.48221508035,-131.461233003214
6434.28064992296,-131.454573707535
6449.11319868105,-131.447899060593
6463.97993999534,-131.441209027002
6478.88095268779,-131.43450357129
6493.81631576211,-131.427782657907
6508.78610840409,-131.421046251218
6523.79040998209,-131.414294315508
6538.82930004742,-131.407526814979
6553.90285833477,-131.400743713749
6569.01116476266,-131.393944975857
6584.15429943382,-131.387130565255
6599.33234263564,-131.380300445814
6614.5453748406,-131.373454581322
6629.79347670667,-131.366592935482
6645.07672907779,-131.359715471915
6660.39521298423,-131.352822154157
6675.74900964306,-131.345912945661
6691.13820045859,-131.338987809794
6706.56286702278,-131.33204670984
6722.02309111567,-131.325089608998
6737.51895470582,-131.318116470382
6753.05053995078,-131.311127257022
6768.61792919746,-131.304121931861
6784.2212049826,-131.297100457758
6799.86045003322,-131.290062797485
6815.53574726704,-131.28300891373
6831.24717979293,-131.275938769093
6846.99483091133,-131.26885232609
6862.77878411473,-131.261749547148
6878.59912308808,-131.25463039461
6894.45593170922,-131.247494830731
6910.3492940494,-131.240342817678
6926.27929437363,-131.233174317532
6942.24601714118,-131.225989292286
6958.24954700605,-131.218787703847
6974.28996881734,-131.211569514032
6990.36736761977,-131.204334684571
7006.48182865411,-131.197407268538
7022.63343735764,-131.190946625057
7038.82227936457,-131.184471088254
7055.04844050652,-131.177980623797
7071.31200681301,-131.171475197275
7087.61306451182,-131.164954774195
7103.95170002956,-131.158419319988
7120.32799999202,-131.151868800003
7136.74205122474,-131.14530317951
7153.19394075337,-131.138722423699
7169.68375580419,-131.132126497678
7186.21158380457,-131.125515366478
7202.77751238341,-131.118888995047
7219.3816293716,-131.112247348251
7236.0240228025,-131.105590390879
7252.70478091247,-131.098918087635
7269.4239921412,-131.092230403144
7286.18174513227,-131.085527301947
7302.97812873365,-131.078808748507
7319.81323199808,-131.072074707201
7336.68714418359,-131.065325142327
7353.599954754,-131.058560018098
7370.55175337934,-131.051779298648
7387.54262993637,-131.044982948025
7404.572674509,-131.038170930196
7421.64197738885,-131.031343209044
7438.75062907567,-131.02449974837
7455.89872027781,-131.017640511889
7473.08634191276,-131.010765463235
7490.31358510757,-131.003874565957
7507.58054119937,-130.99696778352
7524.88730173584,-130.990045079306
7542.23395847571,-130.98310641661
7559.62060338921,-130.976151758644
7577.04732865861,-130.969181068537
7594.51422667869,-130.962194309329
7612.02139005718,-130.955191443977
7629.56891161532,-130.948172435354
7647.15688438834,-130.941137246245
7664.78540162591,-130.93408583935
7682.45455679267,-130.927018177283
7700.16444356871,-130.919934222573
7717.91515585012,-130.91283393766
7735.70678774939,-130.9057172849
7753.53943359597,-130.898584226562
7771.41318793679,-130.891434724825
7789.32814553672,-130.884268741785
7807.28440137907,-130.877086239448
7825.28205066611,-130.869887179734
7843.32118881962,-130.862671524472
7861.40191148128,-130.855439235407
7879.5243145133,-130.848190274195
7897.68849399885,-130.8409246024
7915.89454624261,-130.833642181503
7934.14256777124,-130.826342972892
7952.43265533396,-130.819026937866
7970.76490590297,-130.811694037639
7989.13941667404,-130.80434423333
8007.556285067,-130.799622185747
8026.01560872627,-130.798699219564
8044.51748552132,-130.797774125724
8063.06201354727,-130.796846899323
8081.64929112537,-130.795917535444
8100.2794168035,-130.79498602916
8118.95248935675,-130.794052375532
8137.66860778786,-130.793116569611
8156.42787132787,-130.792178606434
8175.2303794365,-130.791238481028
8194.07623180277,-130.79029618841
8212.96552834554,-130.789351723583
8231.89836921396,-130.788405081539
8250.87485478807,-130.787456257261
8269.89508567931,-130.786505245716
8288.95916273106,-130.785552041863
8308.06718701914,-130.784596640649
8327.2192598524,-130.783639037007
8346.41548277324,-130.782679225861
8365.6559575581,-130.781717202122
8384.94078621807,-130.780752960689
8404.27007099939,-130.77978649645
8423.64391438401,-130.778817804281
8443.06241909012,-130.777846879046
8462.52568807269,-130.776873715596
8482.03382452404,-130.775898308774
8501.58693187437,-130.774920653406
8521.18511379229,-130.77394074431
8540.82847418544,-130.772958576291
8560.51711720094,-130.77197414414
8580.25114722603,-130.770987442639
8600.03066888855,-130.769998466556
8619.85578705758,-130.769007210647
8639.72660684391,-130.768013669658
8659.64323360065,-130.76701783832
8679.60577292377,-130.766019711354
8699.61433065268,-130.765019283467
8719.66901287073,-130.764016549356
8739.76992590589,-130.763011503705
8759.91717633117,-130.762004141183
8780.1108709653,-130.760994456452
8800.35111687322,-130.759982444156
8820.63802136673,-130.758968098932
8840.97169200495,-130.7579514154
8861.35223659499,-130.75693238817
8881.77976319247,-130.75591101184
8902.25438010211,-130.754887280995
8922.77619587827,-130.753861190206
8943.34531932558,-130.752832734034
8963.9618594995,-130.751801907025
8984.62592570686,-130.750768703715
9005.33762750647,-130.749733118625
9026.09707470975,-130.748695146265
9046.90437738119,-130.747654781131
9067.75964583904,-130.746612017708
9088.66299065587,-130.745566850467
9109.61452265913,-130.744519273867
9130.61435293176,-130.743469282353
9151.66259281275,-130.742416870359
9172.75935389779,-130.741362032305
9193.90474803981,-130.740304762598
9215.09888734957,-130.739245055633
9236.3418841963,-130.73818290579
9257.63385120825,-130.73711830744
9278.97490127331,-130.736051254936
9300.36514753959,-130.734981742623
9321.80470341608,-130.733909764829
9343.29368257314,-130.732835315871
9364.8321989432,-130.731758390053
9386.42036672135,-130.730678981664
9408.05830036589,-130.729597084982
9429.74611459899,-130.72851269427
9451.48392440729,-130.72742580378
9473.27184504249,-130.726336407748
9495.10999202198,-130.725244500399
9516.99848112943,-130.724150075944
9538.93742841545,-130.723053128579
9560.92695019813,-130.72195365249
9582.96716306374,-130.720851641847
9605.0581838673,-130.719747090807
9627.2001297332,-130.718639993513
9649.39311805582,-130.717530344097
9671.63726650018,-130.716418136675
9693.93269300255,-130.71530336535
9716.27951577106,-130.714186024211
9738.67785328632,-130.713066107336
9761.12782430212,-130.711943608785
9783.62954784595,-130.710818522608
9806.1831432197,-130.709690842839
9828.78873000031,-130.7085605635
9851.44642804035,-130.707427678598
9874.15635746866,-130.706292182127
9896.91863869102,-130.705154068065
9919.73339239081,-130.70401333038
9942.60073952957,-130.702869963024
9965.52080134767,-130.701723959933
9988.49369936505,-130.700575315032
10011.5195553817,-130.699539217785
10034.5984914784,-130.698616060341
10057.7306300174,-130.697690774799
10080.916093643,-130.696763356254
10104.1550052821,-130.695833799789
10127.4474881453,-130.694902100474
10150.7936657269,-130.693968253371
10174.193661806,-130.693032253528
10197.6476004472,-130.692094095982
10221.1556060007,-130.69115377576
10244.7178031038,-130.690211287876
10268.3343166809,-130.689266627333
10292.0052719443,-130.688319789122
10315.7307943951,-130.687370768224
10339.5110098237,-130.686419559607
10363.3460443104,-130.685466158228
10387.2360242262,-130.684510559031
10411.1810762334,-130.683552756951
10435.1813272862,-130.682592746909
10459.2369046317,-130.681630523815
10483.34793581,-130.680666082568
10507.5145486555,-130.679699418054
10531.7368712972,-130.678730525148
10556.0150321593,-130.677759398714
10580.3491599623,-130.676786033602
10604.7393837233,-130.675810424651
10629.1858327569,-130.67483256669
10653.6886366756,-130.673852454533
10678.247925391,-130.672870082984
10702.8638291138,-130.671885446835
10727.5364783553,-130.670898540866
10752.2660039273,-130.669909359843
10777.0525369432,-130.668917898522
10801.8962088189,-130.667924151647
10826.797151273,-130.666928113949
10851.7554963278,-130.665929780147
10876.77137631,-130.664929144948
10901.8449238513,-130.663926203046
10926.9762718891,-130.662920949124
10952.1655536673,-130.661913377853
10977.4129027371,-130.660903483891
11002.7184529573,-130.659891261882
11028.0823384955,-130.65887670646
11053.5046938284,-130.657859812247
11078.9856537429,-130.65684057385
11104.5253533364,-130.655818985867
11130.1239280179,-130.654795042879
11155.7815135085,-130.65376873946
11181.4982458422,-130.652740070166
11207.2742613665,-130.651709029545
11233.1096967432,-130.65067561213
11259.0046889494,-130.649639812442
11284.9593752776,-130.648601624989
11310.973893337,-130.647561044267
11337.0483810541,-130.646518064758
11363.1829766731,-130.645472680933
11389.3778187571,-130.64442488725
11415.6330461884,-130.643374678152
11441.9487981699,-130.642322048073
11468.3252142248,-130.641266991431
11494.7624341983,-130.640209502632
11521.2605982581,-130.63914957607
11547.8198468946,-130.638087206124
11574.4403209224,-130.637022387163
11601.1221614805,-130.635955113541
11627.8655100335,-130.634885379599
11654.670508372,-130.633813179665
11681.5372986132,-130.632738508055
11708.4660232024,-130.631661359072
11735.4568249129,-130.630581727003
11762.5098468472,-130.629499606126
11789.6252324378,-130.628414990702
11816.8031254478,-130.627327874982
11844.0436699717,-130.626238253201
11871.347010436,-130.625146119583
11898.7132916004,-130.624051468336
11926.1426585582,-130.622954293658
11953.6352567372,-130.621854589731
11981.1912319003,-130.620752350724
12008.8107301467,-130.619647570794
12036.4938979121,-130.618540244084
12064.24088197,-130.617430364721
12092.0518294321,-130.616317926823
12119.9268877492,-130.61520292449
12147.8662047122,-130.614085351811
12175.8699284526,-130.612965202862
12203.9382074432,-130.611842471702
12232.0711904993,-130.61071715238
12260.2690267792,-130.609589238929
12288.5318657851,-130.608458725369
12316.8598573635,-130.607325605705
12345.2531517069,-130.606189873932
12373.7118993535,-130.605051524026
12402.2362511889,-130.603910549952
12430.8263584462,-130.602766945662
12459.4823727075,-130.601620705092
12488.204445904,-130.600471822164
12516.9927303172,-130.599320290787
12545.84737858,-130.598166104857
12574.7685436766,-130.597009258253
12603.7563789443,-130.595849744842
12632.8110380736,-130.594687558477
12661.9326751094,-130.593522692996
12691.1214444519,-130.592355142222
12720.3775008569,-130.591184899966
12749.7009994371,-130.590011960023
12779.0920956629,-130.588836316173
12808.5509453628,-130.587657962185
12838.0777047247,-130.586476891811
12867.6725302967,-130.585293098788
12897.3355789875,-130.58410657684
12927.0670080676,-130.582917319677
12956.8669751702,-130.581725320993
12986.7356382916,-130.580530574468
13016.6731557926,-130.579333073768
13046.6796863989,-130.578132812544
13076.7553892022,-130.576929784432
13106.9004236608,-130.575723983054
13137.1149496006,-130.574515402016
13167.3991272162,-130.573304034911
13197.7531170712,-130.572089875317
13228.1770800993,-130.570872916796
13258.6711776056,-130.569653152896
13289.2355712666,-130.568430577149
13319.8704231316,-130.567205183075
13350.5758956237,-130.565976964175
13381.3521515402,-130.564745913938
13412.1993540537,-130.563512025838
13443.117666713,-130.562275293331
13474.107253444,-130.561035709862
13505.1682785504,-130.559793268858
13536.3009067145,-130.558547963731
13567.5053029986,-130.55729978788
13598.7816328452,-130.556048734686
13630.1300620783,-130.554794797517
13661.5507569041,-130.553537969724
13693.0438839121,-130.552278244644
13724.6096100756,-130.551015615597
13756.2481027531,-130.54975007589
13787.9595296886,-130.548481618812
13819.744059013,-130.547210237639
13851.6018592446,-130.54593592563
13883.5330992904,-130.544658676028
13915.5379484467,-130.543378482062
13947.6165763999,-130.542095336944
13979.7691532278,-130.540809233871
14011.9958494001,-130.539520166024
14044.2968357795,-130.538228126569
14076.6722836226,-130.536933108655
14109.122364581,-130.535635105417
14141.6472507015,-130.534334109972
14174.2471144281,-130.533030115423
14206.9221286018,-130.531723114856
14239.6724664624,-130.530413101342
14272.4983016489,-130.529100067934
14305.3998082006,-130.527784007672
14338.3771605581,-130.526464913578
14371.4305335639,-130.525142778657
14404.5601024638,-130.523817595901
14437.7660429074,-130.522489358284
14471.0485309493,-130.521158058762
14504.40774305,-130.519823690278
14537.8438560766,-130.518486245757
14571.3570473042,-130.517145718108
14604.9474944163,-130.515802100223
14638.6153755062,-130.51445538498
14672.3608690775,-130.513105565237
14706.1841540456,-130.511752633838
14740.0854097381,-130.51039658361
14774.0648158961,-130.509037407364
14808.1225526751,-130.507675097893
14842.2588006457,-130.506309647974
14876.473740795,-130.504941050368
14910.7675545272,-130.503569297819
14945.1404236646,-130.502194383053
14979.5925304488,-130.500816298782
15014.1240575414,-130.499435037698
15048.7351880251,-130.498050592479
15083.4261054048,-130.496662955784
15118.1969936082,-130.495272120256
15153.048036987,-130.493878078521
15187.9794203181,-130.492480823187
15222.9913288042,-130.491080346848
15258.0839480749,-130.489676642077
15293.2574641878,-130.488269701433
15328.5120636294,-130.486859517455
15363.847933316,-130.485446082667
15399.2652605949,-130.484029389576
15434.7642332453,-130.48260943067
15470.3450394792,-130.481186198421
15506.0078679424,-130.479759685282
15541.7529077158,-130.478329883691
15577.580348316,-130.476896786067
15613.4903796965,-130.475460384812
15649.4831922487,-130.47402067231
15685.5589768029,-130.472577640928
15721.7179246294,-130.471131283015
15757.9602274392,-130.469681590902
15794.2860773856,-130.468228556905
15830.6956670644,-130.466772173317
15867.1891895157,-130.465312432419
15903.7668382247,-130.463849326471
15940.4288071222,-130.462382847715
15977.1752905864,-130.460912988377
16014.0064834435,-130.459439740662
16050.9225809689,-130.457963096761
16087.923778888,-130.456483048844
16125.0102733774,-130.454999589065
16162.1822610661,-130.453512709557
16199.4399390363,-130.452022402439
16236.7835048244,-130.450528659807
16274.2131564223,-130.449031473743
16311.7290922784,-130.447530836309
16349.3315112983,-130.446026739548
16387.0206128463,-130.444519175486
16424.7965967464,-130.44300813613
16462.659663283,-130.441493613469
16500.6100132023,-130.439975599472
16538.6478477133,-130.438454086091
16576.7733684888,-130.43692906526
16614.9867776665,-130.435400528893
16653.2882778502,-130.433868468886
16691.6780721106,-130.432332877116
16730.1563639864,-130.430793745441
16768.7233574859,-130.429251065701
16807.3792570874,-130.427704829717
16846.1242677405,-130.42615502929
16884.9585948675,-130.424601656205
16923.8824443642,-130.423044702225
16962.8960226008,-130.421484159096
17001.9995364236,-130.419920018543
17041.1931931554,-130.418352272274
17080.4772005971,-130.416780911976
17119.8517670286,-130.415205929319
17159.3171012099,-130.413627315952
17198.8734123824,-130.412045063505
17238.5209102696,-130.410459163589
17278.2598050786,-130.408869607797
17318.0903075011,-130.4072763877
17358.0126287145,-130.405679494851
17398.0269803829,-130.404078920785
17438.1335746584,-130.402474657014
17478.3326241822,-130.400866695033
17518.6243420856,-130.399255026317
17559.0089419914,-130.39763964232
17599.4866380147,-130.396020534479
17640.0576447641,-130.394397694209
17680.7221773432,-130.392771112906
17721.4804513512,-130.391140781946
17762.3326828844,-130.389506692685
17803.2790885373,-130.387868836459
17844.3198854036,-130.386227204584
17885.4552910777,-130.384581788357
17926.6855236553,-130.382932579054
17968.0108017349,-130.381279567931
18009.4313444192,-130.379622746223
18050.9473713157,-130.377962105147
18092.5591025382,-130.376297635898
18134.266758708,-130.374629329652
18176.070560955,-130.372957177562
18217.9707309187,-130.371281170763
18259.9674907497,-130.36960130037
18302.0610631106,-130.367917557476
18344.2516711773,-130.366229933153
18386.5395386402,-130.364538418454
18428.9248897055,-130.362843004412
18471.407949096,-130.361143682036
18513.9889420527,-130.359440442318
18556.6680943357,-130.357733276227
18599.4456322258,-130.356022174711
18642.321782525,-130.354307128699
18685.2967725585,-130.352588129098
18728.3708301755,-130.350865166793
18771.5441837502,-130.34913823265
18814.8170621836,-130.347407317513
18858.189694904,-130.345672412204
18901.662311869,-130.343933507525
18945.2351435659,-130.342190594257
18988.9084210136,-130.340443663159
19032.6823757635,-130.338692704969
19076.5572399007,-130.336937710404
19120.5332460453,-130.335178670158
19164.6106273539,-130.333415574906
19208.7896175202,-130.331648415299
19253.0704507768,-130.329877181969
19297.4533618964,-130.328101865524
19341.9385861928,-130.326322456552
19386.5263595221,-130.324538945619
19431.2169182842,-130.322751323269
19476.0104994242,-130.320959580023
19520.907340433,-130.319163706383
19565.9076793494,-130.317363692826
19611.0117547605,-130.31555952981
19656.2198058037,-130.313751207768
19701.5320721676,-130.311938717113
19746.9487940933,-130.310122048236
19792.4702123758,-130.308301191505
19838.0965683651,-130.306476137265
19883.8281039675,-130.304646875841
19929.6650616472,-130.302813397534
19975.6076844271,-130.300975692623
20021.6562158904,-130.300649686477
20067.8109001819,-130.302034327005
20114.0719820091,-130.30342215946
20160.4397066436,-130.304813191199
20206.9143199226,-130.306207429598
20253.4960682497,-130.307604882047
20300.1851985968,-130.309005555958
20346.9819585051,-130.310409458755
20393.8865960861,-130.311816597883
20440.8993600238,-130.313226980801
20488.0204995751,-130.314640614987
20535.2502645714,-130.316057507937
20582.5889054205,-130.317477667163
20630.0366731071,-130.318901100193
20677.5938191944,-130.320327814576
20725.2605958257,-130.321757817875
20773.0372557256,-130.323191117672
20820.9240522012,-130.324627721566
20868.9212391433,-130.326067637174
20917.0290710285,-130.327510872131
20965.2478029196,-130.328957434088
21013.5776904675,-130.330407330714
21062.0189899124,-130.331860569697
21110.5719580854,-130.333317158743
21159.2368524095,-130.334777105572
21208.0139309009,-130.336240417927
21256.9034521711,-130.337707103565
21305.9056754273,-130.339177170263
21355.0208604744,-130.340650625814
21404.2492677163,-130.342127478032
21453.5911581571,-130.343607734745
21503.0467934025,-130.345091403802
21552.6164356616,-130.34657849307
21602.3003477474,-130.348069010432
21652.0987930793,-130.349562963792
21702.0120356835,-130.351060361071
21752.0403401952,-130.352561210206
21802.1839718595,-130.354065519156
21852.4431965327,-130.355573295896
21902.8182806845,-130.357084548421
21953.3094913985,-130.358599284742
22003.917096374,-130.360117512891
22054.6413639275,-130.361639240918
22105.482562994,-130.36316447689
22156.4409631286,-130.364693228894
22207.5168345075,-130.366225505035
22258.71044793,-130.367761313438
22310.0220748196,-130.369300662245
22361.4519872252,-130.370843559617
22413.0004578233,-130.372390013735
22464.6677599186,-130.373940032798
22516.4541674462,-130.375493625023
22568.3599549722,-130.377050798649
22620.3853976962,-130.378611561931
22672.5307714517,-130.380175923144
22724.7963527084,-130.381743890581
22777.1824185732,-130.383315472557
22829.6892467918,-130.384890677404
22882.3171157501,-130.386469513472
22935.0663044759,-130.388051989134
22987.9370926401,-130.389638112779
23040.9297605585,-130.391227892817
23094.0445891927,-130.392821337676
23147.2818601524,-130.394418455805
23200.6418556963,-130.396019255671
23254.1248587338,-130.397623745762
23307.7311528264,-130.399231934585
23361.4610221893,-130.400843830666
23415.314751693,-130.402459442551
23469.2926268646,-130.404078778806
23523.3949338895,-130.405701848017
23577.6219596125,-130.407328658788
23631.9739915401,-130.408959219746
23686.4513178414,-130.410593539535
23741.0542273496,-130.41223162682
23795.783009564,-130.413873490287
23850.637954651,-130.41551913864
23905.6193534463,-130.417168580603
23960.7274974557,-130.418821824924
24015.9626788569,-130.420478880366
24071.3251905017,-130.422139755715
24126.8153259163,-130.423804459778
24182.4333793041,-130.425473001379
24238.1796455463,-130.427145389366
24294.0544202042,-130.428821632606
24350.0579995202,-130.430501739986
24406.1906804198,-130.432185720413
24462.4527605128,-130.433873582815
24518.8445380951,-130.435565336143
24575.3663121504,-130.437260989365
24632.0183823515,-130.438960551471
24688.8010490621,-130.440664031472
24745.7146133381,-130.4423714384
24802.7593769296,-130.444082781308
24859.9356422822,-130.445798069268
24917.243712539,-130.447517311376
24974.6838915414,-130.449240516746
25032.2564838317,-130.450967694515
25089.961794654,-130.45269885384
25147.8001299561,-130.454434003899
25205.7717963911,-130.456173153892
25263.877101319,-130.45791631304
25322.1163528083,-130.459663490584
25380.4898596378,-130.461414695789
25438.997931298,-130.463169937939
25497.6408779928,-130.46492922634
25556.4190106414,-130.466692570319
25615.3326408795,-130.468459979226
25674.3820810613,-130.470231462432
25733.5676442611,-130.472007029328
25792.8896442748,-130.473786689328
25852.3483956219,-130.475570451869
25911.9442135466,-130.477358326406
25971.6774140201,-130.479150322421
26031.5483137418,-130.480946449412
26091.5572301413,-130.482746716904
26151.70448138,-130.484551134441
26211.9903863524,-130.486359711591
26272.4152646886,-130.488172457941
26332.9794367551,-130.489989383103
26393.6832236573,-130.49181049671
26454.5269472405,-130.493635808417
26515.5109300921,-130.495465327903
26576.6354955431,-130.497299064866
26637.9009676699,-130.49913702903
26699.3076712959,-130.500979230139
26760.8559319933,-130.50282567796
26822.5460760849,-130.504676382283
26884.3784306457,-130.506531352919
26946.3533235047,-130.508390599705
27008.4710832466,-130.510254132497
27070.7320392136,-130.512121961176
27133.136521507,-130.513994095645
27195.6848609892,-130.51587054583
27258.3773892853,-130.517751321679
27321.2144387848,-130.519636433164
27384.1963426436,-130.521525890279
27447.3234347853,-130.523419703044
27510.5960499036,-130.525317881497
27574.0145234636,-130.527220435704
27637.5791917036,-130.529127375751
27701.2903916373,-130.531038711749
27765.1484610551,-130.532954453832
27829.1537385261,-130.534874612156
27893.3065633998,-130.536799196902
27957.6072758083,-130.538728218274
28022.0562166675,-130.5406616865
28086.6537276791,-130.54259961183
28151.400151333,-130.54454200454
28216.295830908,-130.546488874927
28281.3411104747,-130.548440233314
28346.5363348966,-130.550396090047
28411.8818498324,-130.552356455495
28477.3780017375,-130.554321340052
28543.0251378658,-130.556290754136
28608.823606272,-130.558264708188
28674.7737558132,-130.560243212674
28740.8759361502,-130.562226278084
28807.1304977504,-130.564213914933
28873.5377918888,-130.566206133757
28940.0981706504,-130.56820294512
29006.8119869315,-130.570204359608
29073.6795944423,-130.572210387833
29140.701347708,-130.574221040431
29207.8776020715,-130.576236328062
29275.2087136944,-130.578256261411
29342.6950395597,-130.580280851187
29410.3369374731,-130.582310108124
29478.1347660652,-130.584344042982
29546.0888847934,-130.586382666544
29614.1996539436,-130.588425989618
29682.4674346324,-130.590474023039
29750.8925888087,-130.592526777664
29819.475479256,-130.594584264378
29888.2164695938,-130.596646494088
29957.1159242799,-130.598713477728
30026.1742086127,-130.6
30095.391688732,-130.6
30164.7687316222,-130.6
30234.3057051133,-130.6
30304.0029778836,-130.6
30373.860919461,-130.6
30443.8799002254,-130.6
30514.0602914104,-130.6
30584.4024651055,-130.6
30654.9067942578,-130.6
30725.5736526745,-130.6
30796.4034150239,-130.6
30867.3964568386,-130.6
30938.5531545165,-130.6
31009.8738853234,-130.6
31081.3590273948,-130.6
31153.0089597375,-130.6
31224.8240622327,-130.6
31296.8047156367,-130.6
31368.9513015837,-130.6
31441.2642025879,-130.6
31513.7438020451,-130.6
31586.3904842347,-130.6
31659.2046343224,-130.6
31732.1866383614,-130.6
31805.3368832952,-130.6
31878.655756959,-130.6
31952.1436480822,-130.6
32025.8009462903,-130.6
32099.6280421069,-130.6
32173.625326956,-130.6
32247.7931931638,-130.6
32322.1320339609,-130.6
32396.6422434844,-130.6
32471.3242167802,-130.6
32546.1783498046,-130.6
32621.2050394266,-130.6
32696.4046834305,-130.6
32771.7776805172,-130.6
32847.3244303067,-130.6
32923.0453333406,-130.6
32998.9407910835,-130.6
33075.0112059254,-130.6
33151.2569811843,-130.6
33227.6785211075,-130.6
33304.2762308746,-130.6
33381.0505165989,-130.6
33458.0017853301,-130.6
33535.1304450561,-130.6
33612.4369047053,-130.6
33689.921574149,-130.6
33767.5848642032,-130.6
33845.4271866309,-130.6
33923.4489541443,-130.6
34001.6505804071,-130.6
34080.0324800365,-130.6
34158.5950686055,-130.6
34237.3387626452,-130.6
34316.2639796468,-130.6
34395.371138064,-130.6
34474.6606573149,-130.6
34554.1329577848,-130.6
34633.7884608279,-130.6
34713.6275887697,-130.6
34793.6507649094,-130.6
34873.8584135218,-130.6
34954.25095986,-130.6
35034.8288301571,-130.6
35115.5924516291,-130.6
35196.5422524766,-130.6
35277.6786618874,-130.6
35359.0021100387,-130.6
35440.5130280993,-130.6
35522.211848232,-130.6
35604.0990035957,-130.6
35686.1749283481,-130.6
35768.4400576475,-130.6
35850.8948276555,-130.6
35933.539675539,-130.6
36016.3750394727,-130.6
36099.4013586416,-130.6
36182.619073243,-130.6
36266.0286244887,-130.6
36349.6304546081,-130.6
36433.4250068496,-130.6
36517.4127254838,-130.6
36601.5940558049,-130.6
36685.9694441342,-130.6
36770.5393378215,-130.6
36855.3041852479,-130.6
36940.2644358284,-130.6
37025.4205400135,-130.6
37110.7729492926,-130.6
37196.3221161956,-130.6
37282.0684942956,-130.6
37368.0125382116,-130.6
37454.1547036101,-130.6
37540.4954472084,-130.6
37627.0352267765,-130.6
37713.7745011397,-130.6
37800.7137301811,-130.6
37887.8533748437,-130.6
37975.1938971333,-130.6
38062.7357601206,-130.6
38150.4794279438,-130.6
38238.4253658112,-130.6
38326.5740400034,-130.6
38414.9259178759,-130.6
38503.4814678615,-130.6
38592.2411594729,-130.6
38681.2054633052,-130.6
38770.3748510383,-130.6
38859.7497954393,-130.6
38949.3307703654,-130.6
39039.118250766,-130.6
39129.1127126853,-130.6
39219.314633265,-130.6
39309.7244907467,-130.6
39400.3427644745,-130.6
39491.1699348975,-130.6
39582.2064835722,-130.6
39673.4528931654,-130.6
39764.9096474565,-130.6
39856.5772313401,-130.6
39948.4561308285,-130.6
40040.5468330546,-130.600405468331
40132.8498262741,-130.601328498263
40225.3655998683,-130.602253655999
40318.0946443465,-130.603180946443
40411.037451349,-130.604110374513
40504.1945136493,-130.605041945136
40597.5663251568,-130.605975663252
40691.1533809196,-130.606911533809
40784.956177127,-130.607849561771
40878.975211112,-130.608789752111
40973.2109813541,-130.609732109814
41067.6639874822,-130.610676639875
41162.3347302765,-130.611623347303
41257.223711672,-130.612572237117
41352.3314347605,-130.613523314348
41447.6584037939,-130.614476584038
41543.2051241861,-130.615432051242
41638.9721025164,-130.616389721025
41734.9598465317,-130.617349598465
41831.1688651495,-130.618311688651
41927.5996684605,-130.619275996685
42024.2527677312,-130.620242527677
42121.1286754067,-130.621211286754
42218.2279051133,-130.622182279051
42315.5509716616,-130.623155509717
42413.0983910488,-130.62413098391
42510.8706804616,-130.625108706805
42608.8683582788,-130.626088683583
42707.0919440745,-130.627070919441
42805.5419586204,-130.628055419586
42904.2189238885,-130.629042189239
43003.1233630544,-130.630031233631
43102.2558004996,-130.631022558005
43201.6167618142,-130.632016167618
43301.2067738004,-130.633012067738
43401.0263644744,-130.634010263645
43501.0760630697,-130.635010760631
43601.3564000398,-130.636013564
43701.8679070613,-130.637018679071
43802.611117036,-130.63802611117
43903.5865640945,-130.639035865641
44004.7947835983,-130.640047947836
44106.2363121437,-130.641062363121
44207.9116875633,-130.642079116876
44309.8214489298,-130.643098214489
44411.9661365589,-130.644119661366
44514.3462920113,-130.64514346292
44616.9624580964,-130.646169624581
44719.815178875,-130.647198151789
44822.904999662,-130.648229049997
44926.2324670293,-130.64926232467
45029.7981288089,-130.650297981288
45133.6025340955,-130.651336025341
45237.64623325,-130.652376462332
45341.9297779014,-130.653419297779
45446.4537209508,-130.654464537209
45551.2186165739,-130.655512186166
45656.2250202236,-130.656562250202
45761.4734886333,-130.657614734886
45866.9645798201,-130.658669645798
45972.6988530872,-130.659726988531
46078.6768690271,-130.66078676869
46184.8991895249,-130.661848991895
46291.3663777605,-130.662913663778
46398.0789982125,-130.663980789982
46505.0376166606,-130.665050376167
46612.2428001887,-130.666122428002
46719.695117188,-130.667196951172
46827.39513736,-130.668273951374
46935.3434317195,-130.669353434317
47043.5405725976,-130.670435405726
47151.9871336447,-130.671519871336
47260.6836898339,-130.672606836898
47369.6308174633,-130.673696308175
47478.8290941597,-130.674788290942
47588.2790988816,-130.675882790989
47697.9814119221,-130.676979814119
47807.9366149119,-130.678079366149
47918.1452908223,-130.679181452908
48028.6080239691,-130.68028608024
48139.3254000145,-130.681393254
48250.298005971,-130.68250298006
48361.5264302043,-130.683615264302
48473.0112624366,-130.684730112624
48584.7530937492,-130.685847530937
48696.7525165863,-130.686967525166
48809.0101247576,-130.688090101248
48921.5265134418,-130.689215265134
49034.3022791895,-130.690343022792
49147.3380199267,-130.691473380199
49260.6343349577,-130.69260634335
49374.1918249682,-130.69374191825
49488.0110920286,-130.69488011092
49602.0927395974,-130.696020927396
49716.4373725243,-130.697164373725
49831.0455970529,-130.69831045597
49945.9180208248,-130.699459180208
50061.0552528821,-130.704884420231
50176.4579036709,-130.714116632294
50292.1265850445,-130.723370126804
50408.0619102669,-130.732644952821
50524.2644940156,-130.741941159521
50640.734952385,-130.751258796191
50757.4739028901,-130.760597912231
50874.4819644691,-130.769958557158
50991.759757487,-130.779340780599
51109.307903739,-130.788744632299
51227.1270264539,-130.798170162116
51345.2177502967,-130.807617420024
51463.5807013727,-130.81708645611
51582.2165072305,-130.826577320578
51701.1257968655,-130.836090063749
51820.3092007227,-130.845624736058
51939.7673507007,-130.855181388056
52059.5008801548,-130.864760070412
52179.5104239002,-130.874360833912
52299.7966182155,-130.883983729457
52420.3601008463,-130.893628808068
52541.201511008,-130.903296120881
52662.3214893897,-130.912985719151
52783.7206781576,-130.922697654253
52905.3997209582,-130.932431977677
53027.3592629214,-130.942188741034
53149.5999506647,-130.951967996053
53272.1224322962,-130.961769794584
53394.9273574177,-130.971594188593
53518.0153771286,-130.98144123017
53641.3871440296,-130.991310971522
53765.0433122254,-131.001203464978
53888.9845373286,-131.011118762986
54013.2114764634,-131.021056918117
54137.7247882687,-131.031017983061
54262.5251329014,-131.041002010632
54387.6131720408,-131.051009053763
54512.989568891,-131.061039165511
54638.6549881854,-131.071092399055
54764.6100961894,-131.081168807695
54890.8555607044,-131.091268444856
55017.3920510715,-131.101391364086
55144.2202381743,-131.111537619054
55271.3407944435,-131.121707263555
55398.7543938594,-131.131900351509
55526.4617119563,-131.142116936957
55654.4634258257,-131.152357074066
55782.76021412,-131.16262081713
55911.352757056,-131.172908220564
56040.2417364184,-131.183219338913
56169.4278355639,-131.193554226845
56298.9117394243,-131.203912939154
56428.6941345104,-131.214295530761
56558.7757089153,-131.224702056713
56689.1571523189,-131.235132572186
56819.8391559905,-131.245587132479
56950.822412793,-131.256065793023
57082.1076171867,-131.266568609375
57213.6954652326,-131.277095637219
57345.5866545965,-131.287646932368
57477.7818845521,-131.298222550764
57610.2818559856,-131.308822548479
57743.0872713985,-131.319446981712
57876.198834912,-131.330095906793
58009.6172522704,-131.340769380182
58143.3432308447,-131.351467458468
58277.3774796368,-131.362190198371
58411.720709283,-131.372937656743
58546.3736320577,-131.383709890565
58681.3369618773,-131.39450695695
58816.6114143038,-131.405328913144
58952.1977065491,-131.416175816524
59088.0965574781,-131.427047724598
59224.308687613,-131.437944695009
59360.834819137,-131.448866785531
59497.675675898,-131.459814054072
59634.8319834126,-131.470786558673
59772.3044688699,-131.48178435751
59910.0938611354,-131.492807508891
60048.2008907546,-131.518074430311
60186.6262899573,-131.569981359666
60325.3707926613,-131.622007946851
60464.4351344759,-131.674154467705
60603.8200527066,-131.726421198705
60743.5262863583,-131.778808416963
60883.5545761395,-131.831316400232
61023.9056644663,-131.883945426904
61164.5802954661,-131.936695776011
61305.579214982,-131.989567727232
61446.9031705761,-132.042561560888
61588.5529115339,-132.095677557947
61730.5291888683,-132.148916000026
61872.8327553234,-132.202277169388
62015.4643653785,-132.255761348949
62158.4247752522,-132.309368822278
62301.7147429064,-132.363099873596
62445.3350280502,-132.416954787779
62589.286392144,-132.470933850361
62733.5695984038,-132.525037347534
62878.1854118046,-132.579265566148
63023.1345990851,-132.633618793717
63168.4179287515,-132.688097318416
63314.0361710816,-132.742701429084
63459.9900981287,-132.797431415227
63606.280483726,-132.852287567019
63752.9081034906,-132.9072701753
63899.8737348277,-132.962379531584
64047.1781569341,-133.017615928054
64194.8221508035,-133.072979657568
64342.8064992296,-133.12847101366
64491.1319868106,-133.184090290539
64639.7993999534,-133.239837783093
64788.809526878,-133.29571378689
64938.1631576211,-133.351718598178
65087.8610840409,-133.40785251389
65237.9040998209,-133.464115831641
65388.2930004742,-133.520508849735
65539.0285833477,-133.577031867162
65690.1116476266,-133.633685183601
65841.5429943382,-133.690469099422
65993.3234263564,-133.747383915688
66145.453748406,-133.804429934156
66297.9347670668,-133.861607457277
66450.7672907779,-133.918916788202
66603.9521298422,-133.976358230779
66757.4900964306,-134.027149743904
66911.3820045859,-134.073321933569
67065.6286702278,-134.119600561124
67220.2309111566,-134.165985871934
67375.1895470583,-134.212478111929
67530.5053995078,-134.259077527605
67686.1792919746,-134.305784366029
67842.212049826,-134.352598874835
67998.6045003322,-134.39952130223
68155.3574726704,-134.446551896991
68312.4717979292,-134.49369090847
68469.9483091133,-134.540938586593
68627.7878411473,-134.588295181862
68785.9912308807,-134.635760945359
68944.5593170922,-134.683336128741
69103.492940494,-134.731020984247
69262.7929437363,-134.778815764697
69422.4601714119,-134.826720723496
69582.4954700605,-134.87473611463
69742.8996881734,-134.922862192671
69903.6736761976,-134.971099212781
